id,userId,action,entityType,entityId,oldValue,newValue,changes,details,ipAddress,createdAt
cmoh46bit0002i8csnoomozmg,cmoh3woiz0000i8pk2fl0qxsz,CLIENT_CREATED,Client,cmoh46alv0000i8csbswoh63z,,,,"{}",,"""2026-04-27T11:28:44.502Z"""
cmoh4gotr0007i8cs2lqfqt0y,cmoh3woiz0000i8pk2fl0qxsz,PRODUCT_CREATED,Product,cmoh4gnfj0003i8cs2cncfmfq,,,,"{""sku"":""001"",""description"":""HOUSEHOLD ITEMS (USED)"",""hsn"":""63090000"",""purchaseRate"":8000,""sellingRate"":8000,""gstRate"":18,""unit"":""NOS"",""pkgType"":""BOX"",""qtyPerBox"":1,""active"":true}",,"""2026-04-27T11:36:48.303Z"""
cmoh4ifwa000ci8cshl14opo5,cmoh3woiz0000i8pk2fl0qxsz,PRODUCT_CREATED,Product,cmoh4if2a0008i8csoni38o81,,,,"{""sku"":""002"",""description"":""RO PLANT MATERIAL (USED)"",""hsn"":""84212190"",""purchaseRate"":30000,""sellingRate"":30000,""gstRate"":18,""unit"":""NOS"",""pkgType"":""NOS"",""qtyPerBox"":1,""active"":true}",,"""2026-04-27T11:38:10.042Z"""
cmoqvnft40002i8ms1xvrxbhx,cmoh3woiz0000i8pk2fl0qxsz,CLIENT_CREATED,Client,cmoqvnep00000i8msc32er663,,,,"{}",,"""2026-05-04T07:27:48.425Z"""
cmoqw77840004i8h03mcj3alh,cmoh3woiz0000i8pk2fl0qxsz,PRODUCT_CREATED,Product,cmoqw75o00000i8h0deejir5n,,,,"{""description"":""RIVUS 500ml SLEEVES"",""hsn"":""39201019"",""purchaseRate"":0.2,""sellingRate"":0.25,""gstRate"":18,""unit"":""NOS"",""pkgType"":""BOX"",""qtyPerBox"":0,""active"":true}",,"""2026-05-04T07:43:10.420Z"""
cmoqw82gk0009i8h0w2xl97nu,cmoh3woiz0000i8pk2fl0qxsz,PRODUCT_CREATED,Product,cmoqw81i20005i8h0zsqsuwgw,,,,"{""description"":""RIVUS 1ltr SLEEVES"",""hsn"":""39201019"",""purchaseRate"":0.3,""sellingRate"":0.35,""gstRate"":18,""unit"":""NOS"",""pkgType"":""BOX"",""qtyPerBox"":0,""active"":true}",,"""2026-05-04T07:43:50.901Z"""
cmoqwm7o70005i8ecdbmwp6as,cmoh3woiz0000i8pk2fl0qxsz,INVOICE_CREATED,Invoice,cmoqwm5xx0001i8eciy5756t7,,,,"{""invoiceNo"":""SRB2B-26-27-003""}",,"""2026-05-04T07:54:50.839Z"""
cmp58u3n50002i3a8jg6bo6bk,cmoh3woiz0000i8pk2fl0qxsz,CLIENT_CREATED,Client,cmp58u2bj0000i3a8777rmf2t,,,,,,"""2026-05-14T08:45:40.721Z"""
cmp58voby0005i3a8do1b253l,cmoh3woiz0000i8pk2fl0qxsz,PRODUCT_CREATED,Product,cmp58vn0n0003i3a8hu7tudns,,,,"{""sku"":""PET-JAR"",""description"":""PET PREFORM 690 (55MM) JAR PLANE GREEN"",""hsn"":""39239090"",""purchaseRate"":110.4,""sellingRate"":115.49,""gstRate"":18,""unit"":""NOS"",""pkgType"":""BAG"",""active"":true}",,"""2026-05-14T08:46:54.190Z"""
cmp58y1wm000ai3a8dtnly9cv,cmoh3woiz0000i8pk2fl0qxsz,INVOICE_CREATED,Invoice,cmp58y0970007i3a851jaj9w0,,,,"{""invoiceNo"":""SRB2B-26-27-004""}",,"""2026-05-14T08:48:45.094Z"""
cmp590092000di3a8aid47w78,cmoh3woiz0000i8pk2fl0qxsz,INVOICE_UPDATED,Invoice,cmp58y0970007i3a851jaj9w0,,,,"{""invoiceNo"":""SRB2B-26-27-004""}",,"""2026-05-14T08:50:16.261Z"""
cmp597p26000gi3a887b354fg,cmoh3woiz0000i8pk2fl0qxsz,INVOICE_UPDATED,Invoice,cmp58y0970007i3a851jaj9w0,,,,"{""invoiceNo"":""SRB2B-26-27-004""}",,"""2026-05-14T08:56:15.006Z"""
cmp88vgzz0004i8x479ja6g83,cmoh3woiz0000i8pk2fl0qxsz,PRODUCT_CREATED,Product,cmp88vfee0000i8x4amzmxrss,,,,"{""sku"":""008"",""description"":""PH Booster"",""hsn"":""38249022"",""purchaseRate"":400,""sellingRate"":430,""gstRate"":18,""unit"":""NOS"",""pkgType"":""NOS"",""qtyPerBox"":1,""active"":true}",,"""2026-05-16T11:10:03.215Z"""
cmp88ym7q0009i8x4pyw4c9ns,cmoh3woiz0000i8pk2fl0qxsz,INVOICE_CREATED,Invoice,cmp88ykuf0006i8x4img59nuk,,,,"{""invoiceNo"":""SRB2B-26-27-005""}",,"""2026-05-16T11:12:29.943Z"""
cmp88zrsw000gi8x4otvrjaca,cmoh3woiz0000i8pk2fl0qxsz,INVOICE_UPDATED,Invoice,cmp88ykuf0006i8x4img59nuk,,,,"{""invoiceNo"":""SRB2B-26-27-005""}",,"""2026-05-16T11:13:23.840Z"""
cmpqjbhgs0004ju041cjdssk1,cmoh3woiz0000i8pk2fl0qxsz,PRODUCT_CREATED,Product,cmpqjbgo10000ju04c08zgntq,,,,"{""description"":""Rivus 20L Jar Sleeve "",""hsn"":""39233090"",""purchaseRate"":3,""sellingRate"":0.3,""gstRate"":18,""unit"":""NOS"",""pkgType"":""BOX"",""qtyPerBox"":0,""active"":true}",,"""2026-05-29T06:22:17.645Z"""
cmpqjcmxg0004l204lnibyn58,cmoh3woiz0000i8pk2fl0qxsz,INVOICE_CREATED,Invoice,cmpqjcm5s0001l204u3ar77gp,,,,"{""invoiceNo"":""B2B-26-27-004""}",,"""2026-05-29T06:23:11.381Z"""
cmpqjmchu0001l704yf8xdb5b,cmoh3woiz0000i8pk2fl0qxsz,PRODUCT_UPDATED,Product,cmpqjbgo10000ju04c08zgntq,,,,"{""description"":""Rivus 20L Jar Sleeve "",""hsn"":""39233090"",""purchaseRate"":3,""sellingRate"":0.35,""gstRate"":18,""unit"":""NOS"",""pkgType"":""BOX"",""qtyPerBox"":0,""active"":true}",,"""2026-05-29T06:30:44.418Z"""
cmpqjqo0x0002ib045l1d07ol,cmoh3woiz0000i8pk2fl0qxsz,INVOICE_UPDATED,Invoice,cmpqjcm5s0001l204u3ar77gp,,,,"{""invoiceNo"":""SRB2B-26-27-006""}",,"""2026-05-29T06:34:05.986Z"""
cmqb5e49y0004l50412105g5g,cmoh3woiz0000i8pk2fl0qxsz,INVOICE_CREATED,Invoice,cmqb5e3lx0001l5043uu0p883,,,,"{""invoiceNo"":""SRB2B-26-27-001""}",,"""2026-06-12T16:35:35.590Z"""
cmqb6hgsu0004jr04woq6rb11,cmoh3woiz0000i8pk2fl0qxsz,INVOICE_CREATED,Invoice,cmqb6hg4a0001jr04j9tc55gb,,,,"{""invoiceNo"":""SRB2B-26-27-002""}",,"""2026-06-12T17:06:11.407Z"""
cmqb6hslk000bjr0411wujybd,cmoh3woiz0000i8pk2fl0qxsz,INVOICE_UPDATED,Invoice,cmqb6hg4a0001jr04j9tc55gb,,,,"{""invoiceNo"":""SRB2B-26-27-002""}",,"""2026-06-12T17:06:26.696Z"""
cmqb6udne0001kz04j8h5dt8a,cmoh3woiz0000i8pk2fl0qxsz,PRODUCT_UPDATED,Product,cmoh4if2a0008i8csoni38o81,,,,"{""sku"":""002"",""description"":""RO PLANT SKID"",""hsn"":""84212190"",""purchaseRate"":10000,""sellingRate"":10000,""gstRate"":18,""unit"":""NOS"",""pkgType"":""NOS"",""qtyPerBox"":0,""active"":true}",,"""2026-06-12T17:16:13.850Z"""
cmqb6v60e0002la04vkpe5bu8,cmoh3woiz0000i8pk2fl0qxsz,INVOICE_UPDATED,Invoice,cmqb6hg4a0001jr04j9tc55gb,,,,"{""invoiceNo"":""SRB2B-26-27-002""}",,"""2026-06-12T17:16:50.606Z"""
cmqjg33x50004kv04ekm7fmt9,cmoh3woiz0000i8pk2fl0qxsz,PRODUCT_CREATED,Product,cmqjg335n0000kv049rhltva2,,,,"{""sku"":""EE-RO-01"",""description"":""500LPH RO Plant"",""purchaseRate"":100000,""sellingRate"":110000,""gstRate"":18,""unit"":""SET"",""pkgType"":""BDL"",""qtyPerBox"":0,""active"":true}",,"""2026-06-18T11:57:07.098Z"""
cmqjgbn6v0004l704cx49b0yu,cmoh3woiz0000i8pk2fl0qxsz,INVOICE_CREATED,Invoice,cmqjgbmit0001l7041dc9alwz,,,,"{""invoiceNo"":""SRB2B-26-27-007""}",,"""2026-06-18T12:03:45.319Z"""
cmqkp5hc60002la04n69la6k8,cmoh3woiz0000i8pk2fl0qxsz,INVOICE_UPDATED,Invoice,cmqjgbmit0001l7041dc9alwz,,,,"{""invoiceNo"":""SRB2B-26-27-007""}",,"""2026-06-19T08:58:40.519Z"""
cmqkp6ubc000dla04wmbz89et,cmoh3woiz0000i8pk2fl0qxsz,INVOICE_UPDATED,Invoice,cmqjgbmit0001l7041dc9alwz,,,,"{""invoiceNo"":""SRB2B-26-27-007""}",,"""2026-06-19T08:59:43.993Z"""
cmqkp893f0002jo04l5auc72x,cmoh3woiz0000i8pk2fl0qxsz,INVOICE_UPDATED,Invoice,cmqjgbmit0001l7041dc9alwz,,,,"{""invoiceNo"":""SRB2B-26-27-007""}",,"""2026-06-19T09:00:49.803Z"""
cmqkpkg8u0002ju04oodahnuy,cmoh3woiz0000i8pk2fl0qxsz,CLIENT_CREATED,Client,cmqkpkfq10000ju045m0hezhe,,,,"{}",,"""2026-06-19T09:10:18.942Z"""
cmqkpl7ut0004ju04813h2kan,cmoh3woiz0000i8pk2fl0qxsz,CLIENT_UPDATED,Client,cmqkpkfq10000ju045m0hezhe,,,,"{}",,"""2026-06-19T09:10:54.726Z"""
cmqkpoxv30009ju04g67fys3e,cmoh3woiz0000i8pk2fl0qxsz,PRODUCT_CREATED,Product,cmqkpox4d0005ju045u3nnpzt,,,,"{""description"":""40NB Multi-Port Valve"",""hsn"":""84818090"",""purchaseRate"":2900,""sellingRate"":3400,""gstRate"":18,""unit"":""NOS"",""pkgType"":""NOS"",""qtyPerBox"":0,""active"":true}",,"""2026-06-19T09:13:48.399Z"""
cmqkppj92000eju043xrr3mct,cmoh3woiz0000i8pk2fl0qxsz,INVOICE_CREATED,Invoice,cmqkppikv000bju04gec9gszf,,,,"{""invoiceNo"":""SRB2B-26-27-008""}",,"""2026-06-19T09:14:16.118Z"""
cmqp13dxi0001l504l9kyelk2,cmoh3woiz0000i8pk2fl0qxsz,CLIENT_UPDATED,Client,cmqkpkfq10000ju045m0hezhe,,,,"{}",,"""2026-06-22T09:44:02.887Z"""
cmquko62t0004l704p8elxtuq,cmoh3woiz0000i8pk2fl0qxsz,PRODUCT_CREATED,Product,cmquko5c50000l704qpmqw602,,,,"{""description"":""Activated Carbon 1050IV"",""hsn"":""38021000"",""purchaseRate"":320,""sellingRate"":340,""gstRate"":18,""unit"":""KGS"",""notes"":""coconut shell"",""pkgType"":""BAG"",""qtyPerBox"":25,""active"":true}",,"""2026-06-26T06:50:56.069Z"""
cmqukp0j80004jy040sv2nxiy,cmoh3woiz0000i8pk2fl0qxsz,INVOICE_CREATED,Invoice,cmqukozv70001jy042dmwm70r,,,,"{""invoiceNo"":""SRB2B-26-27-009""}",,"""2026-06-26T06:51:35.540Z"""
cmr4v716b0002jo04fl2csvs0,cmoh3woiz0000i8pk2fl0qxsz,CLIENT_CREATED,Client,cmr4v70m70000jo04dgu61o1a,,,,"{}",,"""2026-07-03T11:43:14.099Z"""
cmr4v8hbe0004jm04abpx963c,cmoh3woiz0000i8pk2fl0qxsz,INVOICE_CREATED,Invoice,cmr4v8gr90001jm04dzlcyse7,,,,"{""invoiceNo"":""SRB2B-26-27-010""}",,"""2026-07-03T11:44:21.674Z"""
cmr4v9o3v0009jm04t6b21yfn,cmoh3woiz0000i8pk2fl0qxsz,PRODUCT_CREATED,Product,cmr4v9nb70005jm043p331jo7,,,,"{""description"":""IRON STEAMER"",""hsn"":""85164000"",""purchaseRate"":8900,""sellingRate"":9000,""gstRate"":18,""unit"":""NOS"",""pkgType"":""BOX"",""qtyPerBox"":1,""active"":true}",,"""2026-07-03T11:45:17.132Z"""
cmr4vay3w0005jo04bypbbrg0,cmoh3woiz0000i8pk2fl0qxsz,INVOICE_UPDATED,Invoice,cmr4v8gr90001jm04dzlcyse7,,,,"{""invoiceNo"":""SRB2B-26-27-010""}",,"""2026-07-03T11:46:16.748Z"""
cmr4vbltz000gjo044tbl42cu,cmoh3woiz0000i8pk2fl0qxsz,INVOICE_UPDATED,Invoice,cmr4v8gr90001jm04dzlcyse7,,,,"{""invoiceNo"":""SRB2B-26-27-010""}",,"""2026-07-03T11:46:47.495Z"""
cmr4vdlpd000qjo040a7be1mt,cmoh3woiz0000i8pk2fl0qxsz,CLIENT_UPDATED,Client,cmr4v70m70000jo04dgu61o1a,,,,"{}",,"""2026-07-03T11:48:20.642Z"""
cmr4vepax0002l704spm97na6,cmoh3woiz0000i8pk2fl0qxsz,INVOICE_UPDATED,Invoice,cmr4v8gr90001jm04dzlcyse7,,,,"{""invoiceNo"":""SRB2B-26-27-010""}",,"""2026-07-03T11:49:11.961Z"""
cmrov2r3u0004l8040ho5z7gb,cmoh3woiz0000i8pk2fl0qxsz,INVOICE_CREATED,Invoice,cmrov2qe20001l804s6y092nm,,,,"{""invoiceNo"":""SRB2B-26-27-011""}",,"""2026-07-17T11:35:17.947Z"""
cmrov3p5x0001la047ece0qrd,cmoh3woiz0000i8pk2fl0qxsz,PRODUCT_UPDATED,Product,cmp88vfee0000i8x4amzmxrss,,,,"{""sku"":""008"",""description"":""PH Booster"",""hsn"":""38249022"",""purchaseRate"":400,""sellingRate"":430,""gstRate"":18,""unit"":""NOS"",""pkgType"":""NOS"",""qtyPerBox"":5,""active"":true}",,"""2026-07-17T11:36:02.085Z"""
cmrov4gs80003la04zs3y4si6,cmoh3woiz0000i8pk2fl0qxsz,PRODUCT_UPDATED,Product,cmp88vfee0000i8x4amzmxrss,,,,"{""sku"":""008"",""description"":""PH Booster"",""hsn"":""38249022"",""purchaseRate"":400,""sellingRate"":430,""gstRate"":18,""unit"":""KGS"",""pkgType"":""BOX"",""qtyPerBox"":5,""active"":true}",,"""2026-07-17T11:36:37.881Z"""
cmrov7rit0001jx045dixrip2,cmoh3woiz0000i8pk2fl0qxsz,PRODUCT_UPDATED,Product,cmp88vfee0000i8x4amzmxrss,,,,"{""sku"":""008"",""description"":""PH Booster"",""hsn"":""38249022"",""purchaseRate"":400,""sellingRate"":430,""gstRate"":18,""unit"":""KGS"",""pkgType"":""BOX"",""qtyPerBox"":5,""active"":true}",,"""2026-07-17T11:39:11.766Z"""
cmrov8aa70006la04v25nzknm,cmoh3woiz0000i8pk2fl0qxsz,INVOICE_UPDATED,Invoice,cmrov2qe20001l804s6y092nm,,,,"{""invoiceNo"":""SRB2B-26-27-011""}",,"""2026-07-17T11:39:36.080Z"""
cmrov8nz0000hla043nnewla8,cmoh3woiz0000i8pk2fl0qxsz,INVOICE_UPDATED,Invoice,cmrov2qe20001l804s6y092nm,,,,"{""invoiceNo"":""SRB2B-26-27-011""}",,"""2026-07-17T11:39:53.820Z"""
cmrow1w8q0002jo043ticsfoy,cmoh3woiz0000i8pk2fl0qxsz,INVOICE_UPDATED,Invoice,cmrov2qe20001l804s6y092nm,,,,"{""invoiceNo"":""SRB2B-26-27-011""}",,"""2026-07-17T12:02:37.562Z"""
cmrowlqz10002l704bj04ueje,cmoh3woiz0000i8pk2fl0qxsz,INVOICE_UPDATED,Invoice,cmrov2qe20001l804s6y092nm,,,,"{""invoiceNo"":""SRB2B-26-27-011""}",,"""2026-07-17T12:18:03.854Z"""
cmsd0hf4u0002jq049r9ucsxy,cmoh3woiz0000i8pk2fl0qxsz,CLIENT_CREATED,Client,cmsd0hek80000jq04sn42rv8h,,,,"{}",,"""2026-08-03T09:13:08.575Z"""
cmsd0ky6r0004ih04fln2959k,cmoh3woiz0000i8pk2fl0qxsz,PRODUCT_CREATED,Product,cmsd0kxdf0000ih048iugfg2z,,,,"{""description"":""PVC Shrink Sleeve"",""hsn"":""3920"",""purchaseRate"":0.27,""sellingRate"":0.35,""gstRate"":18,""unit"":""PCS"",""pkgType"":""BOX"",""qtyPerBox"":18000,""active"":true}",,"""2026-08-03T09:15:53.236Z"""
cmsd0lxmy0009ih04un9gnqnm,cmoh3woiz0000i8pk2fl0qxsz,INVOICE_CREATED,Invoice,cmsd0lwwl0006ih044j6vz34u,,,,"{""invoiceNo"":""SRB2B-26-27-012""}",,"""2026-08-03T09:16:39.178Z"""
cmsd0noje000fih04bk74qfa7,cmoh3woiz0000i8pk2fl0qxsz,CLIENT_UPDATED,Client,cmsd0hek80000jq04sn42rv8h,,,,"{}",,"""2026-08-03T09:18:00.699Z"""
cmsd0ogjt0005jq044lt8alwq,cmoh3woiz0000i8pk2fl0qxsz,INVOICE_UPDATED,Invoice,cmsd0lwwl0006ih044j6vz34u,,,,"{""invoiceNo"":""SRB2B-26-27-012""}",,"""2026-08-03T09:18:37.002Z"""
cmsgefw6e0002lb04nunkxc9k,cmoh3woiz0000i8pk2fl0qxsz,CLIENT_CREATED,Client,cmsgefvno0000lb04ewate5ad,,,,"{}",,"""2026-08-05T18:07:10.503Z"""
cmsgehlwg0004i304uk3mfold,cmoh3woiz0000i8pk2fl0qxsz,PRODUCT_CREATED,Product,cmsgehl5z0000i304j8ifgapw,,,,"{""sku"":""SST"",""description"":""SS STORAGE TANK 5KI SS 304"",""hsn"":""73090010"",""purchaseRate"":85000,""sellingRate"":150000,""gstRate"":18,""unit"":""NOS"",""pkgType"":""NOS"",""qtyPerBox"":1,""active"":true}",,"""2026-08-05T18:08:30.496Z"""
cmsgeimq60004ju04l4iava45,cmoh3woiz0000i8pk2fl0qxsz,PRODUCT_CREATED,Product,cmsgeilyx0000ju04leiuk51b,,,,"{""sku"":""SFSS"",""description"":""SAND FILTER - SS 304"",""hsn"":""84219900"",""purchaseRate"":55000,""sellingRate"":125000,""gstRate"":18,""unit"":""NOS"",""pkgType"":""NOS"",""qtyPerBox"":1,""active"":true}",,"""2026-08-05T18:09:18.222Z"""
cmsgejlz60009i304cow1ycff,cmoh3woiz0000i8pk2fl0qxsz,PRODUCT_CREATED,Product,cmsgejlje0005i304hosm49rq,,,,"{""sku"":""CFSS"",""description"":""CARBON FILTER - SS 304"",""hsn"":""84198990"",""purchaseRate"":65000,""sellingRate"":135000,""gstRate"":18,""unit"":""NOS"",""pkgType"":""NOS"",""qtyPerBox"":1,""active"":true}",,"""2026-08-05T18:10:03.907Z"""
cmsgels9j000ei304bclbe1u7,cmoh3woiz0000i8pk2fl0qxsz,PRODUCT_CREATED,Product,cmsgelrr6000ai304n5kkbvch,,,,"{""sku"":""ROS"",""description"":""RO SYSTEM"",""hsn"":""84212110"",""purchaseRate"":410000,""sellingRate"":890000,""gstRate"":18,""unit"":""SET"",""notes"":""6000LPH RO with Assembly"",""pkgType"":""NOS"",""qtyPerBox"":1,""active"":true}",,"""2026-08-05T18:11:45.367Z"""
cmsgeqm19000cju04av6mhp4r,cmoh3woiz0000i8pk2fl0qxsz,INVOICE_CREATED,Invoice,cmsgeqkxv0006ju0489mrdz3w,,,,"{""invoiceNo"":""SRB2B-26-27-013""}",,"""2026-08-05T18:15:30.573Z"""
cmsgfca530005l404xd8gdqvd,cmoh3woiz0000i8pk2fl0qxsz,INVOICE_UPDATED,Invoice,cmsgeqkxv0006ju0489mrdz3w,,,,"{""invoiceNo"":""SRB2B-26-27-013""}",,"""2026-08-05T18:32:21.592Z"""
cmsgjfizr0005i3zckgdaqhk9,cmoh3woiz0000i8pk2fl0qxsz,INVOICE_UPDATED,Invoice,cmsgeqkxv0006ju0489mrdz3w,,,,"{""invoiceNo"":""SRB2B-26-27-013""}",,"""2026-08-05T20:26:51.495Z"""