id,invoiceId,productId,description,hsn,qty,rate,taxPercent,taxAmount,unit,pkgCount,pkgType,qtyPerBox,totalAmount
cmoqwm5xx0002i8ec6rof3voj,cmoqwm5xx0001i8eciy5756t7,cmoqw75o00000i8h0deejir5n,RIVUS 500ml SLEEVES,39201019,"""93000""","""0.25""","""18""","""4185""",NOS,1,BOX,"""0""","""27435"""
cmoqwm5xx0003i8ecl8ikwtnu,cmoqwm5xx0001i8eciy5756t7,cmoqw81i20005i8h0zsqsuwgw,RIVUS 1ltr SLEEVES,39201019,"""100000""","""0.35""","""18""","""6300""",NOS,1,BOX,"""0""","""41300"""
cmp597nfm000ei3a8ap7g015p,cmp58y0970007i3a851jaj9w0,cmp58vn0n0003i3a8hu7tudns,PET PREFORM 690 (55MM) JAR PLANE GREEN,39239090,"""1200""","""115.4""","""18""","""24926.4""",NOS,40,BAG,"""0""","""163406.4"""
cmp88zpqi000ei8x44o8zoqn0,cmp88ykuf0006i8x4img59nuk,cmp88vfee0000i8x4amzmxrss,PH Booster,38249022,"""10""","""430""","""18""","""774""",NOS,10,BOX,"""1""","""5074"""
cmpqjqmr30000ib04o8ot4p3n,cmpqjcm5s0001l204u3ar77gp,cmpqjbgo10000ju04c08zgntq,Rivus 20L Jar Sleeve ,39233090,"""96500""","""0.35""","""18""","""6079.5""",NOS,1,BOX,"""0""","""39854.5"""
cmqb5e3lx0002l504nvom3wi6,cmqb5e3lx0001l5043uu0p883,cmoh4if2a0008i8csoni38o81,SS TANK,73090010,"""1""","""20000""","""18""","""3600""",NOS,1,BOX,"""0""","""23600"""
cmqb6v4wc0000la04vig1jw6c,cmqb6hg4a0001jr04j9tc55gb,cmoh4if2a0008i8csoni38o81,RO PLANT SKID,84212190,"""1""","""10000""","""18""","""1800""",NOS,1,BOX,"""0""","""11800"""
cmqkp87yy0000jo04ane4keuy,cmqjgbmit0001l7041dc9alwz,cmqjg335n0000kv049rhltva2,500LPH RO Plant,84212190,"""1""","""110000""","""18""","""19800""",SET,1,BOX,"""0""","""129800"""
cmqkppikv000cju044ynpbgd7,cmqkppikv000bju04gec9gszf,cmqkpox4d0005ju045u3nnpzt,40NB Multi-Port Valve,84818090,"""1""","""3400""","""18""","""612""",NOS,1,BOX,"""0""","""4012"""
cmqukozv70002jy04ecdkdyvk,cmqukozv70001jy042dmwm70r,cmquko5c50000l704qpmqw602,Activated Carbon 1050IV,38021000,"""25""","""340""","""18""","""1530""",KGS,1,BOX,"""25""","""10030"""
cmr4veo410000l7047800kzow,cmr4v8gr90001jm04dzlcyse7,cmr4v9nb70005jm043p331jo7,IRON STEAMER,85164000,"""1""","""9000""","""18""","""1620""",NOS,1,BOX,"""1""","""10620"""
cmrowlprk0000l704hhf5n9x4,cmrov2qe20001l804s6y092nm,cmp88vfee0000i8x4amzmxrss,PH Booster,38249022,"""5""","""440""","""18""","""396""",KGS,1,BOX,"""5""","""2596"""
cmsd0ofa70003jq04ozp7t5j3,cmsd0lwwl0006ih044j6vz34u,cmsd0kxdf0000ih048iugfg2z,PVC Shrink Sleeve,3920,"""18000""","""0.35""","""18""","""1134""",PCS,1,BOX,"""18000""","""7434"""
cmsgjfde10000i3zcpk458acn,cmsgeqkxv0006ju0489mrdz3w,cmsgehl5z0000i304j8ifgapw,SS STORAGE TANK 5KI SS 304,73090010,"""2""","""150000""","""18""","""54000""",NOS,2,BOX,"""1""","""354000"""
cmsgjfde30001i3zc08ysatvn,cmsgeqkxv0006ju0489mrdz3w,cmsgeilyx0000ju04leiuk51b,SAND FILTER - SS 304,84219900,"""1""","""125000""","""18""","""22500""",NOS,1,BOX,"""1""","""147500"""
cmsgjfde30002i3zckf4fjbuz,cmsgeqkxv0006ju0489mrdz3w,cmsgejlje0005i304hosm49rq,CARBON FILTER - SS 304,84198990,"""1""","""135000""","""18""","""24300""",NOS,1,BOX,"""1""","""159300"""
cmsgjfde40003i3zcbydr9s3y,cmsgeqkxv0006ju0489mrdz3w,cmsgelrr6000ai304n5kkbvch,RO SYSTEM,84212110,"""1""","""890000""","""18""","""160200""",SET,1,BOX,"""1""","""1050200"""