id,clientId,sequenceNumber,invoiceNo,date,gstType,subTotal,taxTotal,grandTotal,status,isFinalized,ewayBill,ewayBillUrl,vehicleNo,dispatchedThrough,isFreightCollect,freightAmount,freightTaxPercent,notes,billingName,billingAddress1,billingAddress2,billingState,billingPinCode,billingPhone,billingGst,shippingSameAsBilling,shippingName,shippingAddress1,shippingAddress2,shippingState,shippingPinCode,createdAt,updatedAt,deletedAt,createdById,updatedById
cmoqwm5xx0001i8eciy5756t7,cmoqvnep00000i8msc32er663,1,SRB2B-26-27-003,"""2026-05-04T00:00:00.000Z""",IGST,"""58250""","""10485""","""68735""",DRAFT,false,,,,,false,"""0""","""0""",,Gangothri Aqua Proccessing Unit,"KOKKUR PO, CHANGARAKULAM",Malappuram DT,Kerala,679591,,32BPWPP4597K1ZW,true,Gangothri Aqua Proccessing Unit,"KOKKUR PO, CHANGARAKULAM",Malappuram DT,Kerala,679591,"""2026-05-04T07:54:48.597Z""","""2026-05-04T07:54:48.597Z""",,cmoh3woiz0000i8pk2fl0qxsz,
cmp58y0970007i3a851jaj9w0,cmp58u2bj0000i3a8777rmf2t,2,SRB2B-26-27-004,"""2026-05-14T00:00:00.000Z""",IGST,"""138480""","""24926.4""","""163406""",DRAFT,false,,,KA53AA3600,,false,"""0""","""0""",,Biofix Technology LLP,"32/652, MC BUILDING, BYPASS ROAD","KONDOTTY, MALAPPURAM DIST",Kerala,673638,,32ABDFB4446M1ZG,true,Biofix Technology LLP,"32/652, MC BUILDING, BYPASS ROAD","KONDOTTY, MALAPPURAM DIST",Kerala,673638,"""2026-05-14T08:48:42.954Z""","""2026-05-14T08:56:12.898Z""",,cmoh3woiz0000i8pk2fl0qxsz,
cmp88ykuf0006i8x4img59nuk,cmp88owrr0000i8w841la57qh,3,SRB2B-26-27-005,"""2026-05-16T00:00:00.000Z""",IGST,"""4300""","""774""","""5074""",SENT,false,,,,,false,"""0""","""0""",,BRIDGE DROPS PVT LTD,"VP/1/152-ABC, VAZHAKKAD","OORKADAVU, AKODE PO",Kerala,673640,,32AAICB1883B1Z3,true,BRIDGE DROPS PVT LTD,"VP/1/152-ABC, VAZHAKKAD","OORKADAVU, AKODE PO",Kerala,673640,"""2026-05-16T11:12:28.167Z""","""2026-05-16T11:14:52.215Z""",,cmoh3woiz0000i8pk2fl0qxsz,
cmpqjcm5s0001l204u3ar77gp,cmoqvnep00000i8msc32er663,4,SRB2B-26-27-006,"""2026-05-29T00:00:00.000Z""",CGST_SGST,"""33775""","""6079.5""","""39855""",DRAFT,false,,,,,false,"""0""","""0""",,Gangothri Aqua Proccessing Unit,"KOKKUR PO, CHANGARAKULAM",Malappuram DT,Kerala,679591,,32BPWPP4597K1ZW,true,Gangothri Aqua Proccessing Unit,"KOKKUR PO, CHANGARAKULAM",Malappuram DT,Kerala,679591,"""2026-05-29T06:23:10.384Z""","""2026-05-29T06:34:04.335Z""",,cmoh3woiz0000i8pk2fl0qxsz,
cmqb5e3lx0001l5043uu0p883,cmoh46alv0000i8csbswoh63z,5,SRB2B-26-27-001,"""2026-05-02T00:00:00.000Z""",IGST,"""20000""","""3600""","""23600""",DRAFT,false,,,,,false,"""0""","""0""",,JEZZY ENTTERPRISES,"MP 4/311 A, MOONIYUR","VELIMUKKU PO, MALAPPURAM DT",Kerala,676317,,32BMAPJ5504M1Z9,true,JEZZY ENTTERPRISES,"MP 4/311 A, MOONIYUR","VELIMUKKU PO, MALAPPURAM DT",Kerala,676317,"""2026-06-12T16:35:34.725Z""","""2026-06-12T16:35:34.725Z""",,cmoh3woiz0000i8pk2fl0qxsz,
cmqb6hg4a0001jr04j9tc55gb,cmoh46alv0000i8csbswoh63z,6,SRB2B-26-27-002,"""2026-04-02T00:00:00.000Z""",CGST_SGST,"""10000""","""1800""","""11800""",DRAFT,false,,,,,false,"""0""","""0""",,JEZZY ENTTERPRISES,"MP 4/311 A, MOONIYUR","VELIMUKKU PO, MALAPPURAM DT",Kerala,676317,,32BMAPJ5504M1Z9,true,JEZZY ENTTERPRISES,"MP 4/311 A, MOONIYUR","VELIMUKKU PO, MALAPPURAM DT",Kerala,676317,"""2026-06-12T17:06:10.522Z""","""2026-06-12T17:16:49.164Z""",,cmoh3woiz0000i8pk2fl0qxsz,
cmqjgbmit0001l7041dc9alwz,cmp58u2bj0000i3a8777rmf2t,7,SRB2B-26-27-007,"""2026-06-19T00:00:00.000Z""",CGST_SGST,"""110000""","""19800""","""129800""",DRAFT,false,1324 6244 7360,,,,false,"""0""","""0""",,Biofix Technology LLP,"32/652, MC BUILDING, BYPASS ROAD","KONDOTTY, MALAPPURAM DIST",Kerala,673638,,32ABDFB4446M1ZG,true,Biofix Technology LLP,"32/652, MC BUILDING, BYPASS ROAD","KONDOTTY, MALAPPURAM DIST",Kerala,673638,"""2026-06-18T12:03:44.453Z""","""2026-06-19T09:00:48.346Z""",,cmoh3woiz0000i8pk2fl0qxsz,
cmqkppikv000bju04gec9gszf,cmqkpkfq10000ju045m0hezhe,8,SRB2B-26-27-008,"""2026-06-19T00:00:00.000Z""",IGST,"""3400""","""612""","""4012""",DRAFT,false,,,,,false,"""0""","""0""",,VARUNA AQUA PRODUCTS,"PLOT NO. 43, KINFRA PARK THUMBA","THIRUVANANTHAPURAM, KERALA",Kerala,685586,7510577716,32AACCV4776F1ZB,true,VARUNA AQUA PRODUCTS,"PLOT NO. 43, KINFRA PARK THUMBA","THIRUVANANTHAPURAM, KERALA",Kerala,685586,"""2026-06-19T09:14:15.248Z""","""2026-06-19T09:14:15.248Z""",,cmoh3woiz0000i8pk2fl0qxsz,
cmqukozv70001jy042dmwm70r,cmp58u2bj0000i3a8777rmf2t,9,SRB2B-26-27-009,"""2026-06-26T00:00:00.000Z""",IGST,"""8500""","""1530""","""10030""",DRAFT,false,,,,,false,"""0""","""0""",,Biofix Technology LLP,"32/652, MC BUILDING, BYPASS ROAD","KONDOTTY, MALAPPURAM DIST",Kerala,673638,,32ABDFB4446M1ZG,true,Biofix Technology LLP,"32/652, MC BUILDING, BYPASS ROAD","KONDOTTY, MALAPPURAM DIST",Kerala,673638,"""2026-06-26T06:51:34.675Z""","""2026-06-26T06:51:34.675Z""",,cmoh3woiz0000i8pk2fl0qxsz,
cmr4v8gr90001jm04dzlcyse7,cmr4v70m70000jo04dgu61o1a,10,SRB2B-26-27-010,"""2026-07-03T00:00:00.000Z""",CGST_SGST,"""9000""","""1620""","""10620""",DRAFT,false,,,,,false,"""0""","""0""",,Faiha Water Solns & H2O Drinks,"11/655/AV, Manjeri Road, Edavanna","Kunnummal, Malappuram",Kerala,676541,,32AAHFF4941L2ZB,true,Faiha Water Solns & H2O Drinks,"11/655/AV, Manjeri Road, Edavanna","Kunnummal, Malappuram",Kerala,676541,"""2026-07-03T11:44:20.949Z""","""2026-07-03T11:49:10.417Z""",,cmoh3woiz0000i8pk2fl0qxsz,
cmrov2qe20001l804s6y092nm,cmoqvnep00000i8msc32er663,11,SRB2B-26-27-011,"""2026-07-17T00:00:00.000Z""",IGST,"""2200""","""396""","""2596""",DRAFT,false,,,,,false,"""0""","""0""",,Gangothri Aqua Proccessing Unit,"KOKKUR PO, CHANGARAKULAM",Malappuram DT,Kerala,679591,,32BPWPP4597K1ZW,true,Gangothri Aqua Proccessing Unit,"KOKKUR PO, CHANGARAKULAM",Malappuram DT,Kerala,679591,"""2026-07-17T11:35:17.019Z""","""2026-07-17T12:18:02.289Z""",,cmoh3woiz0000i8pk2fl0qxsz,
cmsd0lwwl0006ih044j6vz34u,cmsd0hek80000jq04sn42rv8h,12,SRB2B-26-27-012,"""2026-08-03T00:00:00.000Z""",IGST,"""6300""","""1134""","""7434""",DRAFT,false,,,,,false,"""0""","""0""",,SS DISTRIBUTORS,"Arcade Building, 20/1532, G8,","Central Kottooli, Kozhikode, Kerala",Kerala,673029,8137990411,32ACWFS5731N1ZE,true,SS DISTRIBUTORS,"Arcade Building, 20/1532, G8,","Central Kottooli, Kozhikode, Kerala",Kerala,673029,"""2026-08-03T09:16:38.229Z""","""2026-08-03T09:18:35.359Z""",,cmoh3woiz0000i8pk2fl0qxsz,
cmsgeqkxv0006ju0489mrdz3w,cmsgefvno0000lb04ewate5ad,13,SRB2B-26-27-013,"""2026-08-05T00:00:00.000Z""",IGST,"""1450000""","""261000""","""1711000""",DRAFT,false,	1425 0954 9692,,TN36AL6591,,false,"""0""","""0""","Goods dispatched directly by Hygrive Water System, Chennai to the consignee Greenmount Aqua Products, Kerala against Supplier Invoice No. HWS/067/26-27 and E-Way Bill No. 5920 4991 2425.",GREENMOUNT AQUA PRODUCT,"BUILDING NO.13/323/K, NEAR MYG WAR HOUSE, VARNAKKARA","MALAPPURAM DIST, KERALA",Kerala,676551,9605559911,32ABCFG0330J1ZZ,true,GREENMOUNT AQUA PRODUCT,"BUILDING NO.13/323/K, NEAR MYG WAR HOUSE, VARNAKKARA","MALAPPURAM DIST, KERALA",Kerala,676551,"""2026-08-05T18:15:29.155Z""","""2026-08-05T20:26:44.229Z""",,cmoh3woiz0000i8pk2fl0qxsz,