id,sku,description,hsn,gstRate,unit,notes,pkgType,purchaseRate,sellingRate,qtyPerBox,active,createdAt,updatedAt,deletedAt
cmoh4gnfj0003i8cs2cncfmfq,001,HOUSEHOLD ITEMS (USED),63090000,"""18""",NOS,,BOX,"""8000""","""8000""","""0""",true,"""2026-04-27T11:36:46.495Z""","""2026-04-27T11:36:46.495Z""",
cmoh4if2a0008i8csoni38o81,002,RO PLANT SKID,84212190,"""18""",NOS,,NOS,"""10000""","""10000""","""0""",true,"""2026-04-27T11:38:08.962Z""","""2026-06-12T17:16:12.970Z""",
cmoqw75o00000i8h0deejir5n,,RIVUS 500ml SLEEVES,39201019,"""18""",NOS,,BOX,"""0.2""","""0.25""","""0""",true,"""2026-05-04T07:43:08.400Z""","""2026-05-04T07:43:08.400Z""",
cmoqw81i20005i8h0zsqsuwgw,,RIVUS 1ltr SLEEVES,39201019,"""18""",NOS,,BOX,"""0.3""","""0.35""","""0""",true,"""2026-05-04T07:43:49.658Z""","""2026-05-04T07:43:49.658Z""",
cmp58vn0n0003i3a8hu7tudns,PET-JAR,PET PREFORM 690 (55MM) JAR PLANE GREEN,39239090,"""18""",NOS,,BAG,"""110.4""","""115.49""","""0""",true,"""2026-05-14T08:46:52.487Z""","""2026-05-14T08:46:52.487Z""",
cmp88vfee0000i8x4amzmxrss,008,PH Booster,38249022,"""18""",KGS,,BOX,"""400""","""430""","""5""",true,"""2026-05-16T11:10:01.142Z""","""2026-07-17T11:39:10.838Z""",
cmpqjbgo10000ju04c08zgntq,,Rivus 20L Jar Sleeve ,39233090,"""18""",NOS,,BOX,"""3""","""0.35""","""0""",true,"""2026-05-29T06:22:16.610Z""","""2026-05-29T06:30:43.445Z""",
cmqjg335n0000kv049rhltva2,EE-RO-01,500LPH RO Plant,,"""18""",SET,,BDL,"""100000""","""110000""","""0""",true,"""2026-06-18T11:57:06.107Z""","""2026-06-18T11:57:06.107Z""",
cmqkpox4d0005ju045u3nnpzt,,40NB Multi-Port Valve,84818090,"""18""",NOS,,NOS,"""2900""","""3400""","""0""",true,"""2026-06-19T09:13:47.437Z""","""2026-06-19T09:13:47.437Z""",
cmquko5c50000l704qpmqw602,,Activated Carbon 1050IV,38021000,"""18""",KGS,coconut shell,BAG,"""320""","""340""","""25""",true,"""2026-06-26T06:50:55.109Z""","""2026-06-26T06:50:55.109Z""",
cmr4v9nb70005jm043p331jo7,,IRON STEAMER,85164000,"""18""",NOS,,BOX,"""8900""","""9000""","""1""",true,"""2026-07-03T11:45:16.100Z""","""2026-07-03T11:45:16.100Z""",
cmsd0kxdf0000ih048iugfg2z,,PVC Shrink Sleeve,3920,"""18""",PCS,,BOX,"""0.27""","""0.35""","""18000""",true,"""2026-08-03T09:15:52.180Z""","""2026-08-03T09:15:52.180Z""",
cmsgehl5z0000i304j8ifgapw,SST,SS STORAGE TANK 5KI SS 304,73090010,"""18""",NOS,,NOS,"""85000""","""150000""","""1""",true,"""2026-08-05T18:08:29.543Z""","""2026-08-05T18:08:29.543Z""",
cmsgeilyx0000ju04leiuk51b,SFSS,SAND FILTER - SS 304,84219900,"""18""",NOS,,NOS,"""55000""","""125000""","""1""",true,"""2026-08-05T18:09:17.242Z""","""2026-08-05T18:09:17.242Z""",
cmsgejlje0005i304hosm49rq,CFSS,CARBON FILTER - SS 304,84198990,"""18""",NOS,,NOS,"""65000""","""135000""","""1""",true,"""2026-08-05T18:10:03.338Z""","""2026-08-05T18:10:03.338Z""",
cmsgelrr6000ai304n5kkbvch,ROS,RO SYSTEM,84212110,"""18""",SET,6000LPH RO with Assembly,NOS,"""410000""","""890000""","""1""",true,"""2026-08-05T18:11:44.706Z""","""2026-08-05T18:11:44.706Z""",