id,productId,type,quantityBefore,quantityChange,quantityAfter,referenceId,notes,createdAt
cmp88ynk9000di8x4k1rws5vu,cmp88vfee0000i8x4amzmxrss,REMOVE,"""0""","""-1""","""-1""",cmp88ykuf0006i8x4img59nuk,Invoice SRB2B-26-27-005 Created,"""2026-05-16T11:12:31.690Z"""
cmp88ztp0000ki8x4kqy3moxb,cmp88vfee0000i8x4amzmxrss,ADD,"""-1""","""10""","""9""",cmp88ykuf0006i8x4img59nuk,Invoice SRB2B-26-27-005 Updated (Reversal),"""2026-05-16T11:13:26.292Z"""
cmp88zumn000oi8x4fj5z0tm3,cmp88vfee0000i8x4amzmxrss,REMOVE,"""9""","""-10""","""-1""",cmp88ykuf0006i8x4img59nuk,Invoice SRB2B-26-27-005 Updated (New Levels),"""2026-05-16T11:13:27.503Z"""
cmpqjcnyb0008l204cv07ok77,cmpqjbgo10000ju04c08zgntq,REMOVE,"""0""","""-96500""","""-96500""",cmpqjcm5s0001l204u3ar77gp,Invoice B2B-26-27-004 Created,"""2026-05-29T06:23:12.708Z"""
cmpqjqpjz0006ib04ufce988n,cmpqjbgo10000ju04c08zgntq,ADD,"""-96500""","""96500""","""0""",cmpqjcm5s0001l204u3ar77gp,Invoice SRB2B-26-27-006 Updated (Reversal),"""2026-05-29T06:34:07.967Z"""
cmpqjqq8p000aib04srs5pqqt,cmpqjbgo10000ju04c08zgntq,REMOVE,"""0""","""-96500""","""-96500""",cmpqjcm5s0001l204u3ar77gp,Invoice SRB2B-26-27-006 Updated (New Levels),"""2026-05-29T06:34:08.858Z"""
cmqb5e55u0008l504oz3mz8h7,cmoh4if2a0008i8csoni38o81,REMOVE,"""0""","""-1""","""-1""",cmqb5e3lx0001l5043uu0p883,Invoice SRB2B-26-27-001 Created,"""2026-06-12T16:35:36.738Z"""
cmqb6hhpl0008jr04q2hdrepe,cmoh4if2a0008i8csoni38o81,REMOVE,"""-1""","""-1""","""-2""",cmqb6hg4a0001jr04j9tc55gb,Invoice SRB2B-26-27-002 Created,"""2026-06-12T17:06:12.585Z"""
cmqb6htic000fjr04h0p9s2jl,cmoh4if2a0008i8csoni38o81,ADD,"""-2""","""1""","""-1""",cmqb6hg4a0001jr04j9tc55gb,Invoice SRB2B-26-27-002 Updated (Reversal),"""2026-06-12T17:06:27.876Z"""
cmqb6htyq000jjr04yje2k3xv,cmoh4if2a0008i8csoni38o81,REMOVE,"""-1""","""-1""","""-2""",cmqb6hg4a0001jr04j9tc55gb,Invoice SRB2B-26-27-002 Updated (New Levels),"""2026-06-12T17:06:28.466Z"""
cmqb6v7cf0006la04a0nwkftk,cmoh4if2a0008i8csoni38o81,ADD,"""-2""","""1""","""-1""",cmqb6hg4a0001jr04j9tc55gb,Invoice SRB2B-26-27-002 Updated (Reversal),"""2026-06-12T17:16:52.336Z"""
cmqb6v7xy000ala04bak134zv,cmoh4if2a0008i8csoni38o81,REMOVE,"""-1""","""-1""","""-2""",cmqb6hg4a0001jr04j9tc55gb,Invoice SRB2B-26-27-002 Updated (New Levels),"""2026-06-12T17:16:53.110Z"""
cmqjgbo2u0008l704kx6jj7hl,cmqjg335n0000kv049rhltva2,REMOVE,"""0""","""-1""","""-1""",cmqjgbmit0001l7041dc9alwz,Invoice SRB2B-26-27-007 Created,"""2026-06-18T12:03:46.471Z"""
cmqkp5io80006la04oi5cfqel,cmqjg335n0000kv049rhltva2,ADD,"""-1""","""1""","""0""",cmqjgbmit0001l7041dc9alwz,Invoice SRB2B-26-27-007 Updated (Reversal),"""2026-06-19T08:58:42.249Z"""
cmqkp5j9m000ala04elj7osmr,cmqjg335n0000kv049rhltva2,REMOVE,"""0""","""-1""","""-1""",cmqjgbmit0001l7041dc9alwz,Invoice SRB2B-26-27-007 Updated (New Levels),"""2026-06-19T08:58:43.018Z"""
cmqkp6v4v000hla04a3sm5xwu,cmqjg335n0000kv049rhltva2,ADD,"""-1""","""1""","""0""",cmqjgbmit0001l7041dc9alwz,Invoice SRB2B-26-27-007 Updated (Reversal),"""2026-06-19T08:59:45.055Z"""
cmqkp6vky000lla048ymdm2qg,cmqjg335n0000kv049rhltva2,REMOVE,"""0""","""-1""","""-1""",cmqjgbmit0001l7041dc9alwz,Invoice SRB2B-26-27-007 Updated (New Levels),"""2026-06-19T08:59:45.635Z"""
cmqkp8ag00006jo04djsdma33,cmqjg335n0000kv049rhltva2,ADD,"""-1""","""1""","""0""",cmqjgbmit0001l7041dc9alwz,Invoice SRB2B-26-27-007 Updated (Reversal),"""2026-06-19T09:00:51.553Z"""
cmqkp8b1l000ajo04srtdp3j1,cmqjg335n0000kv049rhltva2,REMOVE,"""0""","""-1""","""-1""",cmqjgbmit0001l7041dc9alwz,Invoice SRB2B-26-27-007 Updated (New Levels),"""2026-06-19T09:00:52.329Z"""
cmqkppjx8000iju04wtj49tr4,cmqkpox4d0005ju045u3nnpzt,REMOVE,"""0""","""-1""","""-1""",cmqkppikv000bju04gec9gszf,Invoice SRB2B-26-27-008 Created,"""2026-06-19T09:14:16.988Z"""
cmqukp1f50008jy04yhz6c4hk,cmquko5c50000l704qpmqw602,REMOVE,"""0""","""-25""","""-25""",cmqukozv70001jy042dmwm70r,Invoice SRB2B-26-27-009 Created,"""2026-06-26T06:51:36.689Z"""
cmr4vazje0009jo04dhquu4ba,cmr4v9nb70005jm043p331jo7,ADD,"""0""","""1""","""1""",cmr4v8gr90001jm04dzlcyse7,Invoice SRB2B-26-27-010 Updated (Reversal),"""2026-07-03T11:46:18.602Z"""
cmr4vb06b000djo04vz9jr2sd,cmr4v9nb70005jm043p331jo7,REMOVE,"""1""","""-1""","""0""",cmr4v8gr90001jm04dzlcyse7,Invoice SRB2B-26-27-010 Updated (New Levels),"""2026-07-03T11:46:19.428Z"""
cmr4vbmpj000kjo04b3qsz5me,cmr4v9nb70005jm043p331jo7,ADD,"""0""","""1""","""1""",cmr4v8gr90001jm04dzlcyse7,Invoice SRB2B-26-27-010 Updated (Reversal),"""2026-07-03T11:46:48.632Z"""
cmr4vbn6r000ojo040530t4gt,cmr4v9nb70005jm043p331jo7,REMOVE,"""1""","""-1""","""0""",cmr4v8gr90001jm04dzlcyse7,Invoice SRB2B-26-27-010 Updated (New Levels),"""2026-07-03T11:46:49.252Z"""
cmr4veqqe0006l7040b2hy3yw,cmr4v9nb70005jm043p331jo7,ADD,"""0""","""1""","""1""",cmr4v8gr90001jm04dzlcyse7,Invoice SRB2B-26-27-010 Updated (Reversal),"""2026-07-03T11:49:13.814Z"""
cmr4verda000al704inrkrb81,cmr4v9nb70005jm043p331jo7,REMOVE,"""1""","""-1""","""0""",cmr4v8gr90001jm04dzlcyse7,Invoice SRB2B-26-27-010 Updated (New Levels),"""2026-07-03T11:49:14.638Z"""
cmrov2s280008l804dhd79y84,cmp88vfee0000i8x4amzmxrss,REMOVE,"""-1""","""-10""","""-11""",cmrov2qe20001l804s6y092nm,Invoice SRB2B-26-27-011 Created,"""2026-07-17T11:35:19.184Z"""
cmrov8bnu000ala04e48pxlot,cmp88vfee0000i8x4amzmxrss,ADD,"""-11""","""10""","""-1""",cmrov2qe20001l804s6y092nm,Invoice SRB2B-26-27-011 Updated (Reversal),"""2026-07-17T11:39:37.866Z"""
cmrov8cb0000ela04hb4boe8o,cmp88vfee0000i8x4amzmxrss,REMOVE,"""-1""","""-10""","""-11""",cmrov2qe20001l804s6y092nm,Invoice SRB2B-26-27-011 Updated (New Levels),"""2026-07-17T11:39:38.700Z"""
cmrov8ouu000lla04vlicf2tb,cmp88vfee0000i8x4amzmxrss,ADD,"""-11""","""10""","""-1""",cmrov2qe20001l804s6y092nm,Invoice SRB2B-26-27-011 Updated (Reversal),"""2026-07-17T11:39:54.966Z"""
cmrov8pc7000pla04tid1zpgo,cmp88vfee0000i8x4amzmxrss,REMOVE,"""-1""","""-10""","""-11""",cmrov2qe20001l804s6y092nm,Invoice SRB2B-26-27-011 Updated (New Levels),"""2026-07-17T11:39:55.592Z"""
cmrow1xoi0006jo04oflv4uoj,cmp88vfee0000i8x4amzmxrss,ADD,"""-11""","""10""","""-1""",cmrov2qe20001l804s6y092nm,Invoice SRB2B-26-27-011 Updated (Reversal),"""2026-07-17T12:02:39.426Z"""
cmrow1ybj000ajo04nvve7mni,cmp88vfee0000i8x4amzmxrss,REMOVE,"""-1""","""-10""","""-11""",cmrov2qe20001l804s6y092nm,Invoice SRB2B-26-27-011 Updated (New Levels),"""2026-07-17T12:02:40.255Z"""
cmrowlsf60006l704p54td637,cmp88vfee0000i8x4amzmxrss,ADD,"""-11""","""5""","""-6""",cmrov2qe20001l804s6y092nm,Invoice SRB2B-26-27-011 Updated (Reversal),"""2026-07-17T12:18:05.730Z"""
cmrowlt2e000al704ynvmscvu,cmp88vfee0000i8x4amzmxrss,REMOVE,"""-6""","""-5""","""-11""",cmrov2qe20001l804s6y092nm,Invoice SRB2B-26-27-011 Updated (New Levels),"""2026-07-17T12:18:06.566Z"""
cmsd0lyda000dih04hwk5ib5i,cmsd0kxdf0000ih048iugfg2z,REMOVE,"""0""","""-18000""","""-18000""",cmsd0lwwl0006ih044j6vz34u,Invoice SRB2B-26-27-012 Created,"""2026-08-03T09:16:40.126Z"""
cmsd0ohzb0009jq04pnyrj9gj,cmsd0kxdf0000ih048iugfg2z,ADD,"""-18000""","""18000""","""0""",cmsd0lwwl0006ih044j6vz34u,Invoice SRB2B-26-27-012 Updated (Reversal),"""2026-08-03T09:18:38.855Z"""
cmsd0oim6000djq048jl4bkhn,cmsd0kxdf0000ih048iugfg2z,REMOVE,"""0""","""-18000""","""-18000""",cmsd0lwwl0006ih044j6vz34u,Invoice SRB2B-26-27-012 Updated (New Levels),"""2026-08-03T09:18:39.678Z"""
cmsgeqmwr000gju04sb0xahkx,cmsgehl5z0000i304j8ifgapw,REMOVE,"""0""","""-2""","""-2""",cmsgeqkxv0006ju0489mrdz3w,Invoice SRB2B-26-27-013 Created,"""2026-08-05T18:15:31.707Z"""
cmsgeqnhs000kju048wqerrko,cmsgeilyx0000ju04leiuk51b,REMOVE,"""0""","""-1""","""-1""",cmsgeqkxv0006ju0489mrdz3w,Invoice SRB2B-26-27-013 Created,"""2026-08-05T18:15:32.464Z"""
cmsgeqnxk000oju042tyddf54,cmsgejlje0005i304hosm49rq,REMOVE,"""0""","""-1""","""-1""",cmsgeqkxv0006ju0489mrdz3w,Invoice SRB2B-26-27-013 Created,"""2026-08-05T18:15:33.032Z"""
cmsgeqodd000sju04ihak8ajo,cmsgelrr6000ai304n5kkbvch,REMOVE,"""0""","""-1""","""-1""",cmsgeqkxv0006ju0489mrdz3w,Invoice SRB2B-26-27-013 Created,"""2026-08-05T18:15:33.602Z"""
cmsgfcbgx0009l40497ss2tpz,cmsgehl5z0000i304j8ifgapw,ADD,"""-2""","""2""","""0""",cmsgeqkxv0006ju0489mrdz3w,Invoice SRB2B-26-27-013 Updated (Reversal),"""2026-08-05T18:32:23.313Z"""
cmsgfcc26000dl404pwntkojn,cmsgeilyx0000ju04leiuk51b,ADD,"""-1""","""1""","""0""",cmsgeqkxv0006ju0489mrdz3w,Invoice SRB2B-26-27-013 Updated (Reversal),"""2026-08-05T18:32:24.079Z"""
cmsgfcci6000hl404yj14h79l,cmsgejlje0005i304hosm49rq,ADD,"""-1""","""1""","""0""",cmsgeqkxv0006ju0489mrdz3w,Invoice SRB2B-26-27-013 Updated (Reversal),"""2026-08-05T18:32:24.654Z"""
cmsgfccy7000ll404157qxund,cmsgelrr6000ai304n5kkbvch,ADD,"""-1""","""1""","""0""",cmsgeqkxv0006ju0489mrdz3w,Invoice SRB2B-26-27-013 Updated (Reversal),"""2026-08-05T18:32:25.232Z"""
cmsgfcde9000pl4043sxp8lph,cmsgehl5z0000i304j8ifgapw,REMOVE,"""0""","""-2""","""-2""",cmsgeqkxv0006ju0489mrdz3w,Invoice SRB2B-26-27-013 Updated (New Levels),"""2026-08-05T18:32:25.809Z"""
cmsgfcdu8000tl404kcv8e3z8,cmsgeilyx0000ju04leiuk51b,REMOVE,"""0""","""-1""","""-1""",cmsgeqkxv0006ju0489mrdz3w,Invoice SRB2B-26-27-013 Updated (New Levels),"""2026-08-05T18:32:26.385Z"""
cmsgfcea9000xl404bv0ebqkp,cmsgejlje0005i304hosm49rq,REMOVE,"""0""","""-1""","""-1""",cmsgeqkxv0006ju0489mrdz3w,Invoice SRB2B-26-27-013 Updated (New Levels),"""2026-08-05T18:32:26.962Z"""
cmsgfceq80011l404i2dsw5lm,cmsgelrr6000ai304n5kkbvch,REMOVE,"""0""","""-1""","""-1""",cmsgeqkxv0006ju0489mrdz3w,Invoice SRB2B-26-27-013 Updated (New Levels),"""2026-08-05T18:32:27.537Z"""
cmsgjfnc10009i3zcovrry41a,cmsgehl5z0000i304j8ifgapw,ADD,"""-2""","""2""","""0""",cmsgeqkxv0006ju0489mrdz3w,Invoice SRB2B-26-27-013 Updated (Reversal),"""2026-08-05T20:26:57.121Z"""
cmsgjfp5k000di3zczcemdcfn,cmsgeilyx0000ju04leiuk51b,ADD,"""-1""","""1""","""0""",cmsgeqkxv0006ju0489mrdz3w,Invoice SRB2B-26-27-013 Updated (Reversal),"""2026-08-05T20:26:59.480Z"""
cmsgjfq52000hi3zcusltw4np,cmsgejlje0005i304hosm49rq,ADD,"""-1""","""1""","""0""",cmsgeqkxv0006ju0489mrdz3w,Invoice SRB2B-26-27-013 Updated (Reversal),"""2026-08-05T20:27:00.759Z"""
cmsgjfriw000li3zcyalhv6dy,cmsgelrr6000ai304n5kkbvch,ADD,"""-1""","""1""","""0""",cmsgeqkxv0006ju0489mrdz3w,Invoice SRB2B-26-27-013 Updated (Reversal),"""2026-08-05T20:27:02.552Z"""
cmsgjfsgu000pi3zced4jxuon,cmsgehl5z0000i304j8ifgapw,REMOVE,"""0""","""-2""","""-2""",cmsgeqkxv0006ju0489mrdz3w,Invoice SRB2B-26-27-013 Updated (New Levels),"""2026-08-05T20:27:03.774Z"""
cmsgjftmm000ti3zchopfmm7x,cmsgeilyx0000ju04leiuk51b,REMOVE,"""0""","""-1""","""-1""",cmsgeqkxv0006ju0489mrdz3w,Invoice SRB2B-26-27-013 Updated (New Levels),"""2026-08-05T20:27:05.278Z"""
cmsgjfumt000xi3zc2o4puqg1,cmsgejlje0005i304hosm49rq,REMOVE,"""0""","""-1""","""-1""",cmsgeqkxv0006ju0489mrdz3w,Invoice SRB2B-26-27-013 Updated (New Levels),"""2026-08-05T20:27:06.582Z"""
cmsgjfvkt0011i3zcs7we88bt,cmsgelrr6000ai304n5kkbvch,REMOVE,"""0""","""-1""","""-1""",cmsgeqkxv0006ju0489mrdz3w,Invoice SRB2B-26-27-013 Updated (New Levels),"""2026-08-05T20:27:07.805Z"""