id,productId,quantity,updatedAt
cmp88vg1a0002i8x40c802ih1,cmp88vfee0000i8x4amzmxrss,"""-11""","""2026-07-17T12:18:06.253Z"""
cmpqjbgzl0002ju046fbf45k2,cmpqjbgo10000ju04c08zgntq,"""-96500""","""2026-05-29T06:34:08.521Z"""
cmqb5e4px0006l504fvusskp4,cmoh4if2a0008i8csoni38o81,"""-2""","""2026-06-12T17:16:52.817Z"""
cmqjg33go0002kv04td51m2iv,cmqjg335n0000kv049rhltva2,"""-1""","""2026-06-19T09:00:52.038Z"""
cmqkpoxf20007ju04238zw31o,cmqkpox4d0005ju045u3nnpzt,"""-1""","""2026-06-19T09:14:16.505Z"""
cmquko5mu0002l704atdvo4ln,cmquko5c50000l704qpmqw602,"""-25""","""2026-06-26T06:51:36.115Z"""
cmr4v9nmo0007jm04ff7joql2,cmr4v9nb70005jm043p331jo7,"""0""","""2026-07-03T11:49:14.329Z"""
cmsd0kxp70002ih04kdcubsra,cmsd0kxdf0000ih048iugfg2z,"""-18000""","""2026-08-03T09:18:39.369Z"""
cmsgehlgm0002i304l7fudwco,cmsgehl5z0000i304j8ifgapw,"""-2""","""2026-08-05T20:27:03.153Z"""
cmsgeim9u0002ju041vokhgpe,cmsgeilyx0000ju04leiuk51b,"""-1""","""2026-08-05T20:27:04.623Z"""
cmsgejlon0007i3048qw1ioz5,cmsgejlje0005i304hosm49rq,"""-1""","""2026-08-05T20:27:05.930Z"""
cmsgelrz1000ci3042uxalbeu,cmsgelrr6000ai304n5kkbvch,"""-1""","""2026-08-05T20:27:07.197Z"""